{"cameraMode":{"drawMode":0,"name":"Shaded","section":"Shading Mode"},"sceneLighting":false,"audioPlay":false,"sceneViewState":{"showFog":true,"showMaterialUpdate":false,"showSkybox":true,"showFlares":true,"showImageEffects":true,"showParticleSystems":true},"in2DMode":false,"pivot":{"x":-4.100000381469727,"y":0.0,"z":3.309999704360962},"rotation":{"x":-0.16824927926063538,"y":-0.09241653233766556,"z":0.015845706686377527,"w":-0.9812748432159424},"size":23.39278793334961,"orthographic":false}