{"cameraMode":{"drawMode":0,"name":"Shaded","section":"Shading Mode"},"sceneLighting":false,"audioPlay":false,"sceneViewState":{"showFog":true,"showMaterialUpdate":false,"showSkybox":true,"showFlares":true,"showImageEffects":true,"showParticleSystems":true},"in2DMode":false,"pivot":{"x":44.565032958984378,"y":-15.7332181930542,"z":62.339500427246097},"rotation":{"x":-0.18684040009975434,"y":-0.11699149757623673,"z":0.022415904328227044,"w":-0.9751416444778442},"size":101.99039459228516,"orthographic":false}