{"cameraMode":{"drawMode":0,"name":"Shaded","section":"Shading Mode"},"sceneLighting":false,"audioPlay":false,"sceneViewState":{"showFog":true,"showMaterialUpdate":false,"showSkybox":true,"showFlares":true,"showImageEffects":true,"showParticleSystems":true},"in2DMode":false,"pivot":{"x":25.729494094848634,"y":-42.19866180419922,"z":37.994728088378909},"rotation":{"x":-0.5176724195480347,"y":-0.04052521288394928,"z":0.024557650089263917,"w":-0.8542657494544983},"size":104.5621566772461,"orthographic":false}