{"cameraMode":{"drawMode":0,"name":"Shaded","section":"Shading Mode"},"sceneLighting":false,"audioPlay":false,"sceneViewState":{"showFog":true,"showMaterialUpdate":false,"showSkybox":true,"showFlares":true,"showImageEffects":true,"showParticleSystems":true},"in2DMode":false,"pivot":{"x":3.6500000953674318,"y":2.25,"z":3.240000009536743},"rotation":{"x":-0.5176724195480347,"y":-0.04052521288394928,"z":0.024557650089263917,"w":-0.8542657494544983},"size":6.566917896270752,"orthographic":false}