{"cameraMode":{"drawMode":0,"name":"Shaded","section":"Shading Mode"},"sceneLighting":false,"audioPlay":false,"sceneViewState":{"showFog":true,"showMaterialUpdate":false,"showSkybox":true,"showFlares":true,"showImageEffects":true,"showParticleSystems":true},"in2DMode":false,"pivot":{"x":15.422693252563477,"y":-13.903070449829102,"z":32.09543991088867},"rotation":{"x":-0.16824927926063538,"y":-0.09241653233766556,"z":0.015845706686377527,"w":-0.9812748432159424},"size":54.4320182800293,"orthographic":false}